sim/operation/failures/rel_fuel_water,l
sim/operation/failures/rel_fuel_block0,m
sim/operation/failures/rel_fuel_block1,m
sim/operation/failures/rel_fuel_block2,m
sim/operation/failures/rel_fuel_block3,m
sim/operation/failures/rel_fuel_block4,m
sim/operation/failures/rel_fuel_block5,m
sim/operation/failures/rel_fuel_block6,m
sim/operation/failures/rel_fuel_block7,m
sim/operation/failures/rel_fuel_block8,m
sim/operation/failures/rel_smoke_cpit,l
sim/operation/failures/rel_brown_out,l
sim/operation/failures/rel_esys,m
sim/operation/failures/rel_esys2,m
sim/operation/failures/rel_esys3,m
sim/operation/failures/rel_esys4,m
sim/operation/failures/rel_esys5,m
sim/operation/failures/rel_esys6,m
sim/operation/failures/rel_invert0,m
sim/operation/failures/rel_invert1,m
sim/operation/failures/rel_gen0_lo,m
sim/operation/failures/rel_gen0_hi,m
sim/operation/failures/rel_gen1_lo,m
sim/operation/failures/rel_gen1_hi,m
sim/operation/failures/rel_bat0_lo,m
sim/operation/failures/rel_bat0_hi,m
sim/operation/failures/rel_bat1_lo,m
sim/operation/failures/rel_bat1_hi,m
sim/operation/failures/rel_lites_nav,h
sim/operation/failures/rel_lites_strobe,h
sim/operation/failures/rel_lites_beac,h
sim/operation/failures/rel_lites_taxi,h
sim/operation/failures/rel_lites_land,h
sim/operation/failures/rel_lites_ins,h
sim/operation/failures/rel_clights,h
sim/operation/failures/rel_lites_hud,h
sim/operation/failures/rel_lobatt0,m
sim/operation/failures/rel_lobatt1,m
sim/operation/failures/rel_lobatt2,m
sim/operation/failures/rel_lobatt3,m
sim/operation/failures/rel_lobatt4,m
sim/operation/failures/rel_lobatt5,m
sim/operation/failures/rel_lobatt6,m
sim/operation/failures/rel_lobatt7,m
sim/operation/failures/rel_stbaug,l
sim/operation/failures/rel_servo_rudd,l
sim/operation/failures/rel_fdir,m
sim/operation/failures/rel_fc_slt,m
sim/operation/failures/rel_flap_act,l
sim/operation/failures/rel_fc_L_flp,l
sim/operation/failures/rel_fc_R_flp,l
sim/operation/failures/rel_L_flp_off,l
sim/operation/failures/rel_R_flp_off,l
sim/operation/failures/rel_gear_act,l
sim/operation/failures/rel_gear_ind,m
sim/operation/failures/rel_lbrakes,l
sim/operation/failures/rel_rbrakes,l
sim/operation/failures/rel_HVAC,h
sim/operation/failures/rel_bleed_air_lft,m
sim/operation/failures/rel_bleed_air_rgt,m
sim/operation/failures/rel_APU_press,m
sim/operation/failures/rel_depres_slow,l
sim/operation/failures/rel_hydpmp_ele,l
sim/operation/failures/rel_hydpmp,l
sim/operation/failures/rel_hydpmp2,l
sim/operation/failures/rel_hydpmp3,l
sim/operation/failures/rel_hydpmp4,l
sim/operation/failures/rel_hydpmp5,l
sim/operation/failures/rel_hydpmp6,l
sim/operation/failures/rel_hydpmp7,l
sim/operation/failures/rel_hydpmp8,l
sim/operation/failures/rel_hydsys0,l
sim/operation/failures/rel_hydsys2,l
sim/operation/failures/rel_hydleak,m
sim/operation/failures/rel_hydleak2,m
sim/operation/failures/rel_hydoverp,l
sim/operation/failures/rel_hydoverp2,l
sim/operation/failures/rel_throt_lo,l
sim/operation/failures/rel_throt_hi,l
sim/operation/failures/rel_fc_thr,l
sim/operation/failures/rel_prop_sync,m
sim/operation/failures/rel_feather,m
sim/operation/failures/rel_trotor,l
sim/operation/failures/rel_antice,l
sim/operation/failures/rel_ice_detect,l
sim/operation/failures/rel_ice_pitot_heat1,l
sim/operation/failures/rel_ice_pitot_heat2,l
sim/operation/failures/rel_ice_static_heat,l
sim/operation/failures/rel_ice_static_heat2,l
sim/operation/failures/rel_ice_AOA_heat,l
sim/operation/failures/rel_ice_AOA_heat2,l
sim/operation/failures/rel_ice_window_heat,l
sim/operation/failures/rel_ice_surf_heat,l
sim/operation/failures/rel_ice_surf_heat2,l
sim/operation/failures/rel_ice_brake_heat,l
sim/operation/failures/rel_ice_alt_air1,l
sim/operation/failures/rel_ice_alt_air2,l
sim/operation/failures/rel_vacuum,l
sim/operation/failures/rel_vacuum2,l
sim/operation/failures/rel_elec_gyr,l
sim/operation/failures/rel_elec_gyr2,l
sim/operation/failures/rel_pitot,l
sim/operation/failures/rel_pitot2,l
sim/operation/failures/rel_static,l
sim/operation/failures/rel_static2,l
sim/operation/failures/rel_static1_err,l
sim/operation/failures/rel_static2_err,l
sim/operation/failures/rel_g_oat,m
sim/operation/failures/rel_g_fuel,m
sim/operation/failures/rel_ss_asi,m
sim/operation/failures/rel_ss_ahz,m
sim/operation/failures/rel_ss_alt,m
sim/operation/failures/rel_ss_tsi,m
sim/operation/failures/rel_ss_dgy,m
sim/operation/failures/rel_ss_vvi,m
sim/operation/failures/rel_cop_asi,m
sim/operation/failures/rel_cop_ahz,m
sim/operation/failures/rel_cop_alt,m
sim/operation/failures/rel_cop_tsi,m
sim/operation/failures/rel_cop_dgy,m
sim/operation/failures/rel_cop_vvi,m
sim/operation/failures/rel_efis_1,m
sim/operation/failures/rel_efis_2,m
sim/operation/failures/rel_AOA,m
sim/operation/failures/rel_stall_warn,m
sim/operation/failures/rel_gear_warning,m
sim/operation/failures/rel_nav1,l
sim/operation/failures/rel_nav2,l
sim/operation/failures/rel_com1,l
sim/operation/failures/rel_com2,l
sim/operation/failures/rel_adf1,l
sim/operation/failures/rel_adf2,l
sim/operation/failures/rel_gps,l
sim/operation/failures/rel_gps2,l
sim/operation/failures/rel_dme,l
sim/operation/failures/rel_loc,l
sim/operation/failures/rel_gls,l
sim/operation/failures/rel_gp,l
sim/operation/failures/rel_xpndr,l
sim/operation/failures/rel_marker,l
sim/operation/failures/rel_RPM_ind_0,m
sim/operation/failures/rel_RPM_ind_1,m
sim/operation/failures/rel_N1_ind0,m
sim/operation/failures/rel_N1_ind1,m
sim/operation/failures/rel_N2_ind0,m
sim/operation/failures/rel_N2_ind1,m
sim/operation/failures/rel_MP_ind_0,m
sim/operation/failures/rel_MP_ind_1,m
sim/operation/failures/rel_TRQind0,m
sim/operation/failures/rel_TRQind1,m
sim/operation/failures/rel_EPRind0,m
sim/operation/failures/rel_EPRind1,m
sim/operation/failures/rel_CHT_ind_0,m
sim/operation/failures/rel_CHT_ind_1,m
sim/operation/failures/rel_ITTind0,m
sim/operation/failures/rel_ITTind1,m
sim/operation/failures/rel_EGT_ind_0,m
sim/operation/failures/rel_EGT_ind_1,m
sim/operation/failures/rel_FF_ind0,m
sim/operation/failures/rel_FF_ind1,m
sim/operation/failures/rel_fp_ind_0,m
sim/operation/failures/rel_fp_ind_1,m
sim/operation/failures/rel_oilp_ind_0,m
sim/operation/failures/rel_oilp_ind_1,m
sim/operation/failures/rel_oilt_ind_0,m
sim/operation/failures/rel_oilt_ind_1,m
sim/operation/failures/rel_g430_gps1,l
sim/operation/failures/rel_g430_gps2,l
sim/operation/failures/rel_g430_rad1_tune,l
sim/operation/failures/rel_g430_rad2_tune,l
sim/operation/failures/rel_g_gia1,l
sim/operation/failures/rel_g_gia2,l
sim/operation/failures/rel_g_gea,l
sim/operation/failures/rel_adc_comp,l
sim/operation/failures/rel_g_arthorz,l
sim/operation/failures/rel_g_asi,l
sim/operation/failures/rel_g_alt,l
sim/operation/failures/rel_g_magmtr,l
sim/operation/failures/rel_g_vvi,l
sim/operation/failures/rel_g_otto,l
sim/operation/failures/rel_bad_mpr,m
sim/operation/failures/rel_bad_ff,m
sim/operation/failures/rel_bad_egt,m
sim/operation/failures/rel_bad_itt,m
sim/operation/failures/rel_bad_cht,m
sim/operation/failures/rel_bad_rpm,m
sim/operation/failures/rel_bad_oilp,m
sim/operation/failures/rel_bad_oilt,m
sim/operation/failures/rel_g_gs1,l
sim/operation/failures/rel_g_gs2,l
sim/operation/failures/rel_g_gps1,l
sim/operation/failures/rel_g_gps2,l
sim/operation/failures/rel_g_gen1,m
sim/operation/failures/rel_g_gen2,m
sim/operation/failures/rel_g_bat1,m
sim/operation/failures/rel_g_bat2,m
sim/operation/failures/rel_g_bus1,m
sim/operation/failures/rel_g_bus2,m
sim/operation/failures/rel_g_mfd,m
sim/operation/failures/rel_g_pfd,m
sim/operation/failures/rel_g_pfd2,m
sim/operation/failures/rel_g_mpr1,m
sim/operation/failures/rel_g_mpr2,m
sim/operation/failures/rel_g_ff1,m
sim/operation/failures/rel_g_ff2,m
sim/operation/failures/rel_g_egt1,m
sim/operation/failures/rel_g_egt2,m
sim/operation/failures/rel_g_itt1,m
sim/operation/failures/rel_g_itt2,m
sim/operation/failures/rel_g_cht1,m
sim/operation/failures/rel_g_cht2,m
sim/operation/failures/rel_g_rpm1,m
sim/operation/failures/rel_g_rpm2,m
sim/operation/failures/rel_g_oilt1,m
sim/operation/failures/rel_g_oilt2,m
sim/operation/failures/rel_g_oilp1,m
sim/operation/failures/rel_g_oilp2,m
sim/operation/failures/rel_g_fp1,m
sim/operation/failures/rel_g_fp2,m
sim/operation/failures/rel_e_bus0_lo,l
sim/operation/failures/rel_e_bus0_hi,l
sim/operation/failures/rel_e_bus1_lo,l
sim/operation/failures/rel_e_bus1_hi,l
sim/operation/failures/rel_ice_air0,l
sim/operation/failures/rel_ice_air1,l
sim/operation/failures/rel_magLFT0,l
sim/operation/failures/rel_magLFT1,l
sim/operation/failures/rel_magLFT2,l
sim/operation/failures/rel_magLFT3,l
sim/operation/failures/rel_magLFT4,l
sim/operation/failures/rel_magLFT5,l
sim/operation/failures/rel_magLFT6,l
sim/operation/failures/rel_magLFT7,l
sim/operation/failures/rel_magRGT0,l
sim/operation/failures/rel_magRGT1,l
sim/operation/failures/rel_magRGT2,l
sim/operation/failures/rel_magRGT3,l
sim/operation/failures/rel_magRGT4,l
sim/operation/failures/rel_magRGT5,l
sim/operation/failures/rel_magRGT6,l
sim/operation/failures/rel_magRGT7,l
sim/operation/failures/rel_engfir0,l
sim/operation/failures/rel_engfir1,l
sim/operation/failures/rel_engfir2,l
sim/operation/failures/rel_engfir3,l
sim/operation/failures/rel_engfir4,l
sim/operation/failures/rel_engfir5,l
sim/operation/failures/rel_engfir6,l
sim/operation/failures/rel_engfir7,l
sim/operation/failures/rel_engfla0,l
sim/operation/failures/rel_engfla1,l
sim/operation/failures/rel_engfla2,l
sim/operation/failures/rel_engfla3,l
sim/operation/failures/rel_engfla4,l
sim/operation/failures/rel_engfla5,l
sim/operation/failures/rel_engfla6,l
sim/operation/failures/rel_engfla7,l
sim/operation/failures/rel_engfai0,l
sim/operation/failures/rel_engfai1,l
sim/operation/failures/rel_engfai2,l
sim/operation/failures/rel_engfai3,l
sim/operation/failures/rel_engfai4,l
sim/operation/failures/rel_engfai5,l
sim/operation/failures/rel_engfai6,l
sim/operation/failures/rel_engfai7,l
sim/operation/failures/rel_fuepmp0,l
sim/operation/failures/rel_fuepmp1,l
sim/operation/failures/rel_fuepmp2,l
sim/operation/failures/rel_fuepmp3,l
sim/operation/failures/rel_fuepmp4,l
sim/operation/failures/rel_fuepmp5,l
sim/operation/failures/rel_fuepmp6,l
sim/operation/failures/rel_fuepmp7,l
sim/operation/failures/rel_ele_fuepmp0,m
sim/operation/failures/rel_ele_fuepmp1,m
sim/operation/failures/rel_ele_fuepmp2,m
sim/operation/failures/rel_ele_fuepmp3,m
sim/operation/failures/rel_ele_fuepmp4,m
sim/operation/failures/rel_ele_fuepmp5,m
sim/operation/failures/rel_ele_fuepmp6,m
sim/operation/failures/rel_ele_fuepmp7,m
sim/operation/failures/rel_eng_lo0,m
sim/operation/failures/rel_eng_lo1,m
sim/operation/failures/rel_eng_lo2,m
sim/operation/failures/rel_eng_lo3,m
sim/operation/failures/rel_eng_lo4,m
sim/operation/failures/rel_eng_lo5,m
sim/operation/failures/rel_eng_lo6,m
sim/operation/failures/rel_eng_lo7,m
sim/operation/failures/rel_airres0,l
sim/operation/failures/rel_airres1,l
sim/operation/failures/rel_airres2,l
sim/operation/failures/rel_airres3,l
sim/operation/failures/rel_airres4,l
sim/operation/failures/rel_airres5,l
sim/operation/failures/rel_airres6,l
sim/operation/failures/rel_airres7,l
sim/operation/failures/rel_fuelfl0,l
sim/operation/failures/rel_fuelfl1,l
sim/operation/failures/rel_fuelfl2,l
sim/operation/failures/rel_fuelfl3,l
sim/operation/failures/rel_fuelfl4,l
sim/operation/failures/rel_fuelfl5,l
sim/operation/failures/rel_fuelfl6,l
sim/operation/failures/rel_fuelfl7,l
sim/operation/failures/rel_comsta0,l
sim/operation/failures/rel_comsta1,l
sim/operation/failures/rel_comsta2,l
sim/operation/failures/rel_comsta3,l
sim/operation/failures/rel_comsta4,l
sim/operation/failures/rel_comsta5,l
sim/operation/failures/rel_comsta6,l
sim/operation/failures/rel_comsta7,l
sim/operation/failures/rel_startr0,l
sim/operation/failures/rel_startr1,l
sim/operation/failures/rel_startr2,l
sim/operation/failures/rel_startr3,l
sim/operation/failures/rel_startr4,l
sim/operation/failures/rel_startr5,l
sim/operation/failures/rel_startr6,l
sim/operation/failures/rel_startr7,l
sim/operation/failures/rel_ignitr0,l
sim/operation/failures/rel_ignitr1,l
sim/operation/failures/rel_ignitr2,l
sim/operation/failures/rel_ignitr3,l
sim/operation/failures/rel_ignitr4,l
sim/operation/failures/rel_ignitr5,l
sim/operation/failures/rel_ignitr6,l
sim/operation/failures/rel_ignitr7,l
sim/operation/failures/rel_hunsta0,l
sim/operation/failures/rel_hunsta1,l
sim/operation/failures/rel_hunsta2,l
sim/operation/failures/rel_hunsta3,l
sim/operation/failures/rel_hunsta4,l
sim/operation/failures/rel_hunsta5,l
sim/operation/failures/rel_hunsta6,l
sim/operation/failures/rel_hunsta7,l
sim/operation/failures/rel_clonoz0,l
sim/operation/failures/rel_clonoz1,l
sim/operation/failures/rel_clonoz2,l
sim/operation/failures/rel_clonoz3,l
sim/operation/failures/rel_clonoz4,l
sim/operation/failures/rel_clonoz5,l
sim/operation/failures/rel_clonoz6,l
sim/operation/failures/rel_clonoz7,l
sim/operation/failures/rel_genera1,l
sim/operation/failures/rel_genera2,l
sim/operation/failures/rel_genera3,l
sim/operation/failures/rel_genera4,l
sim/operation/failures/rel_genera5,l
sim/operation/failures/rel_genera6,l
sim/operation/failures/rel_genera7,l
sim/operation/failures/rel_batter0,l
sim/operation/failures/rel_batter1,l
sim/operation/failures/rel_batter2,l
sim/operation/failures/rel_batter3,l
sim/operation/failures/rel_batter4,l
sim/operation/failures/rel_batter5,l
sim/operation/failures/rel_batter6,l
sim/operation/failures/rel_batter7,l
sim/operation/failures/rel_govnr_0,l
sim/operation/failures/rel_govnr_1,l
sim/operation/failures/rel_govnr_2,l
sim/operation/failures/rel_govnr_3,l
sim/operation/failures/rel_govnr_4,l
sim/operation/failures/rel_govnr_5,l
sim/operation/failures/rel_govnr_6,l
sim/operation/failures/rel_govnr_7,l
sim/operation/failures/rel_fadec_0,l
sim/operation/failures/rel_fadec_1,l
sim/operation/failures/rel_fadec_2,l
sim/operation/failures/rel_fadec_3,l
sim/operation/failures/rel_fadec_4,l
sim/operation/failures/rel_fadec_5,l
sim/operation/failures/rel_fadec_6,l
sim/operation/failures/rel_fadec_7,l
sim/operation/failures/rel_oilpmp0,l
sim/operation/failures/rel_oilpmp1,l
sim/operation/failures/rel_oilpmp2,l
sim/operation/failures/rel_oilpmp3,l
sim/operation/failures/rel_oilpmp4,l
sim/operation/failures/rel_oilpmp5,l
sim/operation/failures/rel_oilpmp6,l
sim/operation/failures/rel_oilpmp7,l
sim/operation/failures/rel_chipde0,l
sim/operation/failures/rel_chipde1,l
sim/operation/failures/rel_chipde2,l
sim/operation/failures/rel_chipde3,l
sim/operation/failures/rel_chipde4,l
sim/operation/failures/rel_chipde5,l
sim/operation/failures/rel_chipde6,l
sim/operation/failures/rel_chipde7,l
sim/operation/failures/rel_prpfin0,l
sim/operation/failures/rel_prpfin1,l
sim/operation/failures/rel_prpfin2,l
sim/operation/failures/rel_prpfin3,l
sim/operation/failures/rel_prpfin4,l
sim/operation/failures/rel_prpfin5,l
sim/operation/failures/rel_prpfin6,l
sim/operation/failures/rel_prpfin7,l
sim/operation/failures/rel_prpcrs0,l
sim/operation/failures/rel_prpcrs1,l
sim/operation/failures/rel_prpcrs2,l
sim/operation/failures/rel_prpcrs3,l
sim/operation/failures/rel_prpcrs4,l
sim/operation/failures/rel_prpcrs5,l
sim/operation/failures/rel_prpcrs6,l
sim/operation/failures/rel_prpcrs7,l
sim/operation/failures/rel_pshaft0,l
sim/operation/failures/rel_pshaft1,l
sim/operation/failures/rel_pshaft2,l
sim/operation/failures/rel_pshaft3,l
sim/operation/failures/rel_pshaft4,l
sim/operation/failures/rel_pshaft5,l
sim/operation/failures/rel_pshaft6,l
sim/operation/failures/rel_pshaft7,l
sim/operation/failures/rel_seize_0,l
sim/operation/failures/rel_seize_1,l
sim/operation/failures/rel_seize_2,l
sim/operation/failures/rel_seize_3,l
sim/operation/failures/rel_seize_4,l
sim/operation/failures/rel_seize_5,l
sim/operation/failures/rel_seize_6,l
sim/operation/failures/rel_seize_7,l
sim/operation/failures/rel_revers0,m
sim/operation/failures/rel_revers1,m
sim/operation/failures/rel_revers2,m
sim/operation/failures/rel_revers3,m
sim/operation/failures/rel_revers4,m
sim/operation/failures/rel_revers5,m
sim/operation/failures/rel_revers6,m
sim/operation/failures/rel_revers7,m
sim/operation/failures/rel_revdep0,l
sim/operation/failures/rel_revdep1,l
sim/operation/failures/rel_revdep2,l
sim/operation/failures/rel_revdep3,l
sim/operation/failures/rel_revdep4,l
sim/operation/failures/rel_revdep5,l
sim/operation/failures/rel_revdep6,l
sim/operation/failures/rel_revdep7,l
sim/operation/failures/rel_revloc0,l
sim/operation/failures/rel_revloc1,l
sim/operation/failures/rel_revloc2,l
sim/operation/failures/rel_revloc3,l
sim/operation/failures/rel_revloc4,l
sim/operation/failures/rel_revloc5,l
sim/operation/failures/rel_revloc6,l
sim/operation/failures/rel_revloc7,l
sim/operation/failures/rel_aftbur0,l
sim/operation/failures/rel_aftbur1,l
sim/operation/failures/rel_aftbur2,l
sim/operation/failures/rel_aftbur3,l
sim/operation/failures/rel_aftbur4,l
sim/operation/failures/rel_aftbur5,l
sim/operation/failures/rel_aftbur6,l
sim/operation/failures/rel_aftbur7,l
sim/operation/failures/rel_ice_inlet_heat,m
sim/operation/failures/rel_ice_inlet_heat2,m
sim/operation/failures/rel_ice_inlet_heat3,m
sim/operation/failures/rel_ice_inlet_heat4,m
sim/operation/failures/rel_ice_inlet_heat5,m
sim/operation/failures/rel_ice_inlet_heat6,m
sim/operation/failures/rel_ice_inlet_heat7,m
sim/operation/failures/rel_ice_inlet_heat8,m
sim/operation/failures/rel_ice_prop_heat,m
sim/operation/failures/rel_ice_prop_heat2,m
sim/operation/failures/rel_ice_prop_heat3,m
sim/operation/failures/rel_ice_prop_heat4,m
sim/operation/failures/rel_ice_prop_heat5,m
sim/operation/failures/rel_ice_prop_heat6,m
sim/operation/failures/rel_ice_prop_heat7,m
sim/operation/failures/rel_ice_prop_heat8,m
sim/operation/failures/rel_apu,l
sim/operation/failures/rel_apu_fire,l
sim/operation/failures/rel_invert2,l
sim/operation/failures/rel_invert3,l
sim/operation/failures/rel_invert4,l
sim/operation/failures/rel_invert5,l
sim/operation/failures/rel_invert6,l
sim/operation/failures/rel_invert7,l
sim/operation/failures/rel_ENGind0,h
sim/operation/failures/rel_ENGind1,h
sim/operation/failures/rel_ENGind2,h
sim/operation/failures/rel_ENGind3,h
sim/operation/failures/rel_ENGind4,h
sim/operation/failures/rel_ENGind5,h
sim/operation/failures/rel_ENGind6,h
sim/operation/failures/rel_ENGind7,h
sim/operation/failures/rel_PRPind0,h
sim/operation/failures/rel_PRPind1,h
sim/operation/failures/rel_PRPind2,h
sim/operation/failures/rel_PRPind3,h
sim/operation/failures/rel_PRPind4,h
sim/operation/failures/rel_PRPind5,h
sim/operation/failures/rel_PRPind6,h
sim/operation/failures/rel_PRPind7,h
sim/operation/failures/rel_N1_ind0,h
sim/operation/failures/rel_N1_ind1,h
sim/operation/failures/rel_N1_ind2,h
sim/operation/failures/rel_N1_ind3,h
sim/operation/failures/rel_N1_ind4,h
sim/operation/failures/rel_N1_ind5,h
sim/operation/failures/rel_N1_ind6,h
sim/operation/failures/rel_N1_ind7,h
sim/operation/failures/rel_N2_ind0,h
sim/operation/failures/rel_N2_ind1,h
sim/operation/failures/rel_N2_ind2,h
sim/operation/failures/rel_N2_ind3,h
sim/operation/failures/rel_N2_ind4,h
sim/operation/failures/rel_N2_ind5,h
sim/operation/failures/rel_N2_ind6,h
sim/operation/failures/rel_N2_ind7,h
sim/operation/failures/rel_TRQind0,h
sim/operation/failures/rel_TRQind1,h
sim/operation/failures/rel_TRQind2,h
sim/operation/failures/rel_TRQind3,h
sim/operation/failures/rel_TRQind4,h
sim/operation/failures/rel_TRQind5,h
sim/operation/failures/rel_TRQind6,h
sim/operation/failures/rel_TRQind7,h
sim/operation/failures/rel_FF_ind0,h
sim/operation/failures/rel_FF_ind1,h
sim/operation/failures/rel_FF_ind2,h
sim/operation/failures/rel_FF_ind3,h
sim/operation/failures/rel_FF_ind4,h
sim/operation/failures/rel_FF_ind5,h
sim/operation/failures/rel_FF_ind6,h
sim/operation/failures/rel_FF_ind7,h
sim/operation/failures/rel_EPRind0,h
sim/operation/failures/rel_EPRind1,h
sim/operation/failures/rel_EPRind2,h
sim/operation/failures/rel_EPRind3,h
sim/operation/failures/rel_EPRind4,h
sim/operation/failures/rel_EPRind5,h
sim/operation/failures/rel_EPRind6,h
sim/operation/failures/rel_EPRind7,h
sim/operation/failures/rel_ITTind0,h
sim/operation/failures/rel_ITTind1,h
sim/operation/failures/rel_ITTind2,h
sim/operation/failures/rel_ITTind3,h
sim/operation/failures/rel_ITTind4,h
sim/operation/failures/rel_ITTind5,h
sim/operation/failures/rel_ITTind6,h
sim/operation/failures/rel_ITTind7,h
